Intercept: 0.555119639287502,,,,,
Loss distribution: Least-Squares Loss,,,,,
Link function: identity,,,,,
,,,,,
Feature Name,Type,Derived Feature,Transform1,Value1,Coefficient
Catalyst,NUM,CONST_SPLINE_LOW_Catalyst,Constant splines,"(-inf, 2.818446e-06)",0.086447374
Catalyst,NUM,CONST_SPLINE_MED_Catalyst,Constant splines,"[2.818446e-06, 200.00000336011993) (default for NA)",-0.039445452
Catalyst,NUM,CONST_SPLINE_HIGH_Catalyst,Constant splines,"[200.00000336011993, inf)",-0.01022639
Contaminant,NUM,CONST_SPLINE_LOW_Contaminant,Constant splines,"(-inf, 0.30000000376002)",-0.010216365
Contaminant,NUM,CONST_SPLINE_MED-LOW_Contaminant,Constant splines,"[0.30000000376002, 0.70000000661187) (default for NA)",-0.056441564
Contaminant,NUM,CONST_SPLINE_MED-HIGH_Contaminant,Constant splines,"[0.70000000661187, 0.90000000500538)",0.056558806
Contaminant,NUM,CONST_SPLINE_HIGH_Contaminant,Constant splines,"[0.90000000500538, inf)",0
Herbicide concentration,NUM,CONST_SPLINE_LOW_Herbicide concentration,Constant splines,"(-inf, 0.19300000038853)",0.068856552
Herbicide concentration,NUM,CONST_SPLINE_MED-LOW_Herbicide concentration,Constant splines,"[0.19300000038853, 0.20300000068323) (default for NA)",0.016585905443091856
Herbicide concentration,NUM,CONST_SPLINE_MED-HIGH_Herbicide concentration,Constant splines,"[0.20300000068323, 0.25500000051722)",-0.027519683
Herbicide concentration,NUM,CONST_SPLINE_HIGH_Herbicide concentration,Constant splines,"[0.25500000051722, inf)",-0.054983721
Oxidizer,NUM,CONST_SPLINE_LOW_Oxidizer,Constant splines,"(-inf, 1.409223e-07)",-0.031881673
Oxidizer,NUM,CONST_SPLINE_MED_Oxidizer,Constant splines,"[1.409223e-07, 10.000000168006) (default for NA)",0.007325039
Oxidizer,NUM,CONST_SPLINE_HIGH_Oxidizer,Constant splines,"[10.000000168006, inf)",0.02100472
Ph,NUM,CONST_SPLINE_LOW_Ph,Constant splines,"(-inf, 2.30000000986456) (default for NA)",-0.042730829
Ph,NUM,CONST_SPLINE_MED_Ph,Constant splines,"[2.30000000986456, 3.00000001176042)",0.008598957
Ph,NUM,CONST_SPLINE_HIGH_Ph,Constant splines,"[3.00000001176042, inf)",0.027542021
Radiation,NUM,CONST_SPLINE_HIGH_Radiation,Constant splines,"[358.75, inf)",0.076406711
Reaction time,NUM,CONST_SPLINE_LOW_Reaction time,Constant splines,"(-inf, 9.00000057889038)",0.26296674481694887
Reaction time,NUM,CONST_SPLINE_MED-LOW_Reaction time,Constant splines,"[9.00000057889038, 30.0000005311902)",0.084741062
Reaction time,NUM,CONST_SPLINE_MED_Reaction time,Constant splines,"[30.0000005311902, 60.00000032160278) (default for NA)",-0.032771201
Reaction time,NUM,CONST_SPLINE_MED-HIGH_Reaction time,Constant splines,"[60.00000032160278, 120.00000062646777)",-0.146213134
Reaction time,NUM,CONST_SPLINE_HIGH_Reaction time,Constant splines,"[120.00000062646777, inf)",-0.170943767
Ultrasound,NUM,CONST_SPLINE_HIGH_Ultrasound,Constant splines,"[2.27273, inf)",-0.072488468
Ultraviolet,NUM,CONST_SPLINE_HIGH_Ultraviolet,Constant splines,"[154.0, inf)",0.009068383
