variable1,variable2,estadístico
Radiation,Radiation,1
Radiation,Ultraviolet,0.5790873500400925
Radiation,COD,0.045606055
Radiation,Reaction time,0.058524357
Radiation,Contaminant,0.012715762074546005
Radiation,Herbicide concentration,0.040241016
Radiation,Ph,0.063628915
Radiation,Catalyst,0.033578591
Radiation,Oxidizer,0.00538019
Radiation,Ultrasound,0.14834350449700826
Ultraviolet,Ultraviolet,1
Ultraviolet,COD,0.035194371944185544
Ultraviolet,Reaction time,0.046475816566732456
Ultraviolet,Contaminant,0.020451837550085155
Ultraviolet,Herbicide concentration,0.075285477
Ultraviolet,Ph,0.024553241255084547
Ultraviolet,Catalyst,0.008373276
Ultraviolet,Oxidizer,0.0084062
Ultraviolet,Ultrasound,0.000224883
COD,COD,1
COD,Reaction time,0.40053911216426036
COD,Contaminant,0.1263134539460584
COD,Herbicide concentration,0.11195113689157268
COD,Ph,0.072473686
COD,Catalyst,0.069258087
COD,Oxidizer,0.037066429
COD,Ultrasound,0.033391122
Reaction time,Reaction time,1
Reaction time,Contaminant,0.21747144488755268
Reaction time,Herbicide concentration,0.21716986122132162
Reaction time,Ph,0.087036747
Reaction time,Catalyst,0.054179261
Reaction time,Oxidizer,0.088053818
Reaction time,Ultrasound,0.046641552
Contaminant,Contaminant,1
Contaminant,Herbicide concentration,0.8193039061571314
Contaminant,Ph,0.1537458625439444
Contaminant,Catalyst,0.11926353485792686
Contaminant,Oxidizer,0.20317968499629202
Contaminant,Ultrasound,0.072720766
Herbicide concentration,Herbicide concentration,1
Herbicide concentration,Ph,0.1715166791183043
Herbicide concentration,Catalyst,0.10826560529024518
Herbicide concentration,Oxidizer,0.20787218109696792
Herbicide concentration,Ultrasound,0.069036074
Ph,Ph,1
Ph,Catalyst,0.029255357745720537
Ph,Oxidizer,0.023765116
Ph,Ultrasound,0.10455963074453843
Catalyst,Catalyst,1
Catalyst,Oxidizer,0.2988237263661448
Catalyst,Ultrasound,0.062774944
Oxidizer,Oxidizer,1
Oxidizer,Ultrasound,0.14438534535173095
Ultrasound,Ultrasound,1
